873,176812,प्रतिपक्षम्,r,rp--------,,,,/p.ɹə.t̪i.ˈpək.ʂəm/,,0
497874,198583,हिरण्वत,n,n-----n--a,,,,/hi.ˈɹəɳ.ʋə.t̪ə/,,0
497875,198597,विदुषा,n,n-----f--ā,,,,/ʋi.d̪u.ʂɑː/,,0
497876,198592,शुक्तिमन्ती,n,n-----f--ī,,,,/ˈɕuk.t̪i.mən.t̪iː/,,0
497877,198791,सुमनस,n,n-----m--a,,,,/su.mə.nə.sə/,,0
497878,198899,मध्वी,n,n-----f--ī,,,,/ˈməd̪h.ʋiː/,,0
497879,199130,विनिःसृज्,v,v----d--4- v----a--6- v----d--6-,,,,/ʋi.ˈniḥ.sɹ̩d͡ʑ/,,0
497880,199241,आरम्भय्,v,v----a--0-,,,,/ɑː.ɹəmb.həj/,,0
497881,158908,रामय्,v,v----a--0-,,,,/ɹɑː.məj/,,0
497882,199577,शरद्वत,n,n-----m--a,,,,/ɕə.ˈɹəd̪.ʋə.t̪ə/,,0
497883,161276,निग्राहय्,v,v----a--0-,,,,/ˈnig.ɹɑː.həj/,,0
497884,201032,उदावह,n,n-----m--a,,,,/.d̪ɑː.ʋə.hə/,,0
497885,165317,समुद्घाटय्,v,v----a--0-,,,,/sə.ˈmud̪.gʰɑː.ʈəj/,,0
497886,163647,विसारय्,v,v----a--0-,,,,/ʋi.sɑː.ɹəj/,,0
497887,162679,प्रतिसंहारय्,v,v----a--0-,,,,/p.ɹə.t̪i.ˈsə̃.hɑː.ɹəj/,,0
497888,,विपलाय,v,v----d--n- v----a--n-,,,,/ʋi.pə.lɑː.jə/,,0
497889,172983,समुपागम,n,n-----m--a,,,,/sə.mu.pɑː.gə.mə/,,0
497890,209472,सूर्यवर्चस,n,n-----m--a,,,,/suːɹ.jə.ˈʋəɹ.t͡ɕə.sə/,,0
497891,173258,नता,n,n-----f--ā,,,,/nə.t̪ɑː/,,0
497892,162441,प्रतिकूलय्,v,v----a--0-,,,,/p.ɹə.t̪i.kuː.ləj/,,0
497893,201613,एकपादी,n,n-----f--ī,,,,/eː.kə.pɑː.d̪iː/,,0
497894,202308,समायस्,v,v----a--4-,,,,/sə.mɑː.jəs/,,0
497895,3408,कूला,n,n-----f--ā,,,,/kuː.lɑː/,,0
497896,204478,अविश्रमत्,a,ap----a--c,,,,/əʋiɕɹəmət̪/,,0
497897,157523,सर्जय्,v,v----d--0-,,,,/ˈsəɹ.d͡ʑəj/,,0
497898,208136,हनूमत,n,n-----n--a,,,,/hə.nuː.mə.t̪ə/,,0
497899,208281,अधिवाहय्,v,v----d--0- v----a--0-,,,,/əd̪.hi.ʋɑː.həj/,,0
497900,137691,मृडा,n,n-----f--ā,,,,/mɹ̩.ɖɑː/,,0
497901,207295,एकोनविंशत्,n,n-----f--c,,,,/eː.koː.nə.ʋi.̃ɕət̪/,,0
497902,160342,उन्मर्दय्,v,v----a--0-,,,,/n.ˈməɹ.d̪əj/,,0
497903,202974,सर्वकृत,a,ap----a--a,,,,/ˈsəɹ.ʋə.kɹ̩.t̪ə/,,0
497904,202335,अवभासिनी,n,n-----f--ī,,,,/ə.ˈʋəb.hɑː.si.niː/,,0
497905,158400,नाहय्,v,v----a--0-,,,,/nɑː.həj/,,0
497906,160647,उपस्नेहय्,v,v----a--0-,,,,/.ˈpəs.neː.həj/,,0
497907,203088,अनुपानह्,a,ap----a--c,,,,/ə.nu.pɑː.nəh/,,0
497908,203263,राजिमती,n,n-----f--ī,,,,/ɹɑː.d͡ʑi.mə.t̪iː/,,0
497909,203451,कुम्भीकिनी,n,n-----f--ī,,,,/kumb.hiː.ki.niː/,,0
497910,203638,स्रंसिनी,n,n-----f--ī,,,,/s.ˈɹə̃.si.niː/,,0
497911,203641,प्रस्रंसिनी,n,n-----f--ī,,,,/p.ˈɹəs.ˈɹə̃.si.niː/,,0
497912,203779,षड,n,n-----m--a,,,,/ʂə.ɖə/,,0
497913,203830,अतिगम,n,n-----m--a,,,,/ə.t̪i.gə.mə/,,0
497914,217796,वृज,n,n-----m--a,,,,/ʋɹ̩.d͡ʑə/,,0
497915,163567,विलम्बय्,v,v----a--0-,,,,/ʋi.ləm.bəj/,,0
497916,218669,ओकस,n,n-----m--a,,,,/oː.kə.sə/,,0
497917,219125,दोधव्,v,v----a----,,,,/d̪oːd̪.həʋ/,,0
497918,203630,प्रस्वेदय्,v,v----d--0- v----a--0-,,,,/p.ˈɹəs.ʋeː.d̪əj/,,0
497919,203674,भस्म्,v,v----a--1-,,,,/b.həsm/,,0
497920,203785,चणा,n,n-----f--ā,,,,/t͡ɕə.ɳɑː/,,0
497921,203936,कां,r,rp--------,,,,/kɑːm/,,0
497922,203942,मां,r,rp--------,,,,/mɑːm/,,0
497923,203943,महामोहिनी,n,n-----f--ī,,,,/mə.hɑː.moː.hi.niː/,,0
497924,203958,यां,r,rp--------,,,,/jɑːm/,,0
497925,169288,वां,r,rp--------,,,,/ʋɑːm/,,0
497926,203974,मुण्डिनी,n,n-----f--ī,,,,/ˈmuɳ.ɖi.niː/,,0
497927,203986,आलुल्,v,v----a--1-,,,,/ɑː.lul/,,0
497928,204009,विमर्दिनी,n,n-----f--ī,,,,/ʋi.ˈməɹ.d̪i.niː/,,0
497929,204017,भङ्गिनी,n,n-----f--ī,,,,/b.həŋ.gi.niː/,,0
497930,204018,विमर्शिनी,n,n-----f--ī,,,,/ʋi.mə.ɹɕi.niː/,,0
497931,204044,प्रतिरस,n,n-----m--a,,,,/p.ɹə.t̪i.ɹə.sə/,,0
497932,204060,जाग्रत,n,n-----m--a,,,,/d͡ʑɑːg.ɹə.t̪ə/,,0
497933,204186,प्रस्फुर,n,n-----m--a,,,,/p.ˈɹəsp.hu.ɹə/,,0
497934,204260,हनुमती,n,n-----f--ī,,,,/hə.nu.mə.t̪iː/,,0
497935,206081,वनवासिनी,n,n-----f--ī,,,,/ʋə.nə.ʋɑː.si.niː/,,0
497936,219274,मन्दि,a,ap----a--i,,,,/mən.d̪i/,,0
497937,219318,वाशय्,v,v----a--0-,,,,/ʋɑː.ɕəj/,,0
497938,218760,विवास्,v,v----d----,,,,/ʋi.ʋɑːs/,,0
497939,161581,न्यृज्,v,v----a--7- v----d--7- v----d--6- v----a--1-,,,,/.jɹ̩d͡ʑ/,,0
497940,218724,ऋभुक्षन्,n,n-----m--n,,,,/əɹ̩bhuk.ʂən/,,0
497941,219443,धनय्,v,v----d--0-,,,,/d̪.hə.nəj/,,0
497942,219487,दस्मत्,a,ap----a--c,,,,/ˈd̪əs.mət̪/,,0
497943,219120,रंहय्,v,v----a--0-,,,,/ˈɹə̃.həj/,,0
497944,219538,नृतू,n,n-----f--ū,,,,/nɹ̩.t̪uː/,,0
497945,157234,तूर्व्,v,v----a--1-,,,,/t̪uːɹʋ/,,0
497946,219810,अहन,a,ap----a--a,,,,/ə.hə.nə/,,0
497947,219826,जङ्गह्,v,v----d----,,,,/d͡ʑəŋ.gəh/,,0
497948,219445,चक्षय्,v,v----a--0-,,,,/ˈt͡ɕək.ʂəj/,,0
497949,219934,गृभय्,v,v----a--0-,,,,/ˈgɹ̩b.həj/,,0
497950,218951,ज्म्,n,n-----f--c,,,,/͡ʑm/,,0
497951,219991,नदय्,v,v----a--0-,,,,/nə.d̪əj/,,0
497952,219775,धिषा,n,n-----f--ā,,,,/d̪.hi.ʂɑː/,,0
497953,219469,द्युतय्,v,v----d--0-,,,,/d̪.ju.t̪əj/,,0
497965,220602,ध्रुवस्,n,n-----n-sa,,,,/d̪.hɹu.ʋəs/,,0
497966,220945,अलर्,v,v----a----,,,,/ə.ləɹ/,,0
497967,220954,शश्वती,n,n-----f--ī,,,,/ɕəɕʋət̪iː/,,0
497968,220996,अर्वाक,n,n-----n--a,,,,/əɹ.ʋɑː.kə/,,0
497969,221119,अपावृज्,v,v----a--7- v----d--7-,,,,/ə.pɑː.ʋɹ̩d͡ʑ/,,0
497970,221141,आमुरि,n,n-----m--i,,,,/ɑː.mu.ɹi/,,0
497971,218836,दूरकम्,r,rp--------,,,,/d̪uː.ɹə.kəm/,,0
497972,219316,नध्,n,n-----f--c,,,,/nəd̪h/,,0
497973,218857,तुवीरवत्,a,ap----a--c,,,,/t̪u.ʋiː.ɹə.ʋət̪/,,0
497974,219160,चर्चर्,v,v----d----,,,,/ˈt͡ɕəɹ.t͡ɕəɹ/,,0
497975,219209,द्रवय्,v,v----d--0-,,,,/d̪.ɹə.ʋəj/,,0
497976,131439,शाल्मली,n,n-----f--ī,,,,/ɕɑːl.mə.liː/,शाल्मली,0
497977,,वही,n,n-----f--ī,,,,/ʋə.hiː/,वःई,0
497978,,उत्पलिनि,n,n-----f--i,,,,/t̪.pə.li.ni/,उत्पलिनि,0
497979,,शतबलाक्ष,n,n-----m--a,,,,/ɕə.t̪ə.bə.lɑːk.ʂə/,शतबलाक्ष,0
497980,59658,आर्यावर्त,n,n-----m--a,,,,/ɑː.ɹjɑː.ˈʋəɹ.t̪ə/,आर्यावर्त,0
497981,39042,ऋषि,n,n-----m--i,,,,/ɹ̩.ʂi/,ऋषि,0
497982,,विश्वेदेवास्,n,n-p---m--ā,,,,/ʋiɕʋeːd̪eːʋɑːs/,विश्वेदेवास्,0
497983,,मन्त्रवीर्य,n,n-----n--a,,,,/mən.t̪ɹə.ʋiːɹ.jə/,मन्त्रवीर्य,0
497984,,वेदारम्भ,n,n-----m--a,,,,/ʋeː.d̪ɑː.ɹəmb.hə/,वेदारम्ब्ःअ,0
497985,,आश्लेस्ह,n,n-----n--a,,,,/ɑːɕ.leːs.hə/,आश्लेस्ःअ,0
497986,,मयूरासन,n,n-----n--a,,,,/mə.juː.ɹɑː.sə.nə/,मयूरासन,0
497987,,आनन्दशक्ति,n,n-----f--i,,,,/ɑː.nən.d̪ə.ˈɕək.t̪i/,आनन्दशक्ति,0
497988,,इन्द्रियजय,n,n-----m--a,,,,/n.d̪ɹi.jə.d͡ʑə.jə/,इन्द्रियजय,0
497989,172551,कर्णवेधिनी,n,n-----f--ī,,,,/ˈkəɹ.ɳə.ʋeːd̪.hi.niː/,कर्णवेद्ःइनी,0
497990,,मालिनीविजयतन्त्र,n,n-----n--a,,,,/mɑː.li.niː.ʋi.d͡ʑə.jə.t̪ən.t̪ɹə/,मालिनीविजयतन्त्र,0
497991,15214,पञ्छिहिल,n,n-----m--a,,,,/pəɲ.t͡ɕʰi.hi.lə/,पञ्छिःइल,0
497992,25309,भूतसर्मन्,n,n-----m--n,,,,/b.huː.t̪ə.ˈsəɹ.mən/,ब्ःऊतसर्मन्,0
497993,26412,भ्रातृगन्धिसिंह,n,n-----m--a,,,,/b.hɹɑː.t̪ɹ̩.gənd̪.hi.ˈsĩ.hə/,ब्ःरातृगन्द्ःइसिंःअ,0
497994,26615,मङ्क्षुउ,n,n-----m--u,,,,/məŋk.ʂuu/,मङ्क्षुउ,0
497995,26885,मथर,n,n-----m--a,,,,/ˈmət̪.hə.ɹə/,मत्ःअर,0
497996,28890,नृमन्त्,n,n-----m--c,,,,/nɹ̩.mənt̪/,नृमन्त्,0
497997,33940,निःसङ्गअ,n,n-----m--a,,,,/ˈniḥ.səŋ.gəə/,निḥसङ्गअ,0
497998,40903,श्रुमन्त्,n,n-----m--c,,,,/ɕɹumənt̪/,श्रुमन्त्,0
497999,42316,संवदक,n,n-----m--a,,,,/ˈsə̃.ʋə.d̪ə.kə/,संवदक,0
498000,67233,लोष्टाकिह,n,n-----m--a,,,,/loːʂ.ʈɑː.ki.hə/,लोष्टाकिःअ,0
498001,67389,लोहितक्ष,n,n-----m--a,,,,/loː.hi.ˈt̪ək.ʂə/,लोःइतक्ष,0
498002,68215,वदभिकार,n,n-----m--a,,,,/ʋə.ˈd̪əb.hi.kɑː.ɹə/,वदब्ःइकार,0
498003,68435,वध्र्यस्व,n,n-----m--a,,,,/ˈʋəd̪hɹjəs.ʋə/,वद्ःर्यस्व,0
498004,71133,राष्ट्रकुट,n,n-----m--a,,,,/ɹɑːʂ.ʈɹə.ku.ʈə/,राष्ट्रकुट,0
498005,75856,वातवन्त्,n,n-----m--c,,,,/ʋɑː.t̪ə.ʋənt̪/,वातवन्त्,0
498006,75914,वातावन्त्,n,n-----m--c,,,,/ʋɑː.t̪ɑː.ʋənt̪/,वातावन्त्,0
498007,78486,माणियादित्य,n,n-----m--a,,,,/mɑː.ɳi.jɑː.ˈd̪it̪.jə/,माणियादित्य,0
498008,83375,तेजःपाल,n,n-----m--a,,,,/t̪eː.ˈd͡ʑəḥ.pɑː.lə/,तेजḥपाल,0
498009,83380,तेजःसेन,n,n-----m--a,,,,/t̪eː.ˈd͡ʑəḥ.seː.nə/,तेजḥसेन,0
498010,88010,जरमान,n,n-----m--a,,,,/d͡ʑə.ɹə.mɑː.nə/,जरमान,0
498011,89146,जिह्वाव,n,n-----m--a,,,,/ˈd͡ʑih.ʋɑː.ʋə/,जिःवाव,0
498012,91900,धरणिगोनीग,n,n-----m--a,,,,/d̪.hə.ɹə.ɳi.goː.niː.gə/,द्ःअरणिगोनीग,0
498013,94706,पिङ्गलवत्सजीव,n,n-----m--a,,,,/piŋ.gə.lə.ˈʋət̪.sə.d͡ʑiː.ʋə/,पिङ्गलवत्सजीव,0
498014,107620,सुधावन्त्,n,n-----m--c,,,,/ˈsud̪.hɑː.ʋənt̪/,सुद्ःआवन्त्,0
498015,110179,हिम्पतिवस्मन्,n,n-----m--n,,,,/him.pə.t̪i.ˈʋəs.mən/,ःइम्पतिवस्मन्,0
498016,110183,ह्राधर,n,n-----m--a,,,,/h.ɹɑːd̪.hə.ɹə/,ःराद्ःअर,0
498017,111357,सहिल,n,n-----m--a,,,,/sə.hi.lə/,सःइल,0
498018,111618,सहस्रयुस्,n,n-----m-su,,,,/sə.ˈhəs.ɹə.jus/,सःअस्रयुस्,0
498019,113271,सलेन्द्रराज,n,n-----m--a,,,,/sə.leːn.d̪ɹə.ɹɑː.d͡ʑə/,सलेन्द्रराज,0
498020,125531,गौरिमन्त्,n,n-----m--c,,,,/ˈgəौ.ɹi.mənt̪/,गौरिमन्त्,0
498021,125896,शुनःशेपसख,n,n-----m--a,,,,/ɕu.nə.ḥɕeː.pə.ˈsək.hə/,शुनḥशेपसक्ःअ,0
498022,128065,शलावन्त्,n,n-----m--c,,,,/ɕə.lɑː.ʋənt̪/,शलावन्त्,0
498023,133034,मित्रभु,n,n-----m--u,,,,/ˈmit̪.ˈɹəb.hu/,मित्रब्ःउ,0
498024,136997,शवरवर्मन्,n,n-----m--n,,,,/ɕə.ʋə.ɹə.ˈʋəɹ.mən/,शवरवर्मन्,0
498025,141529,वीर्याभद्र,n,n-----m--a,,,,/ʋiːɹ.jɑːb.ˈhəd̪.ɹə/,वीर्याब्ःअद्र,0
498026,141541,वीर्यासेन,n,n-----m--a,,,,/ʋiːɹ.jɑː.seː.nə/,वीर्यासेन,0
498027,144172,पुलिमन्त्,n,n-----m--c,,,,/pu.li.mənt̪/,पुलिमन्त्,0
498028,145756,दयाशमकर,n,n-----m--a,,,,/d̪ə.jɑː.ɕə.mə.kə.ɹə/,दयाशमकर,0
498029,148066,बाहुवन्त्,n,n-----m--c,,,,/bɑː.hu.ʋənt̪/,बाःउवन्त्,0
498030,148323,त्सक,n,n-----m--a,,,,/t̪.sə.kə/,त्सक,0
498031,161154,घोषवन्त्,n,n-----m--c,,,,/gʰoː.ʂə.ʋənt̪/,घोषवन्त्,0
498032,16338,परनन्द,n,n-----m--a,,,,/pə.ɹə.nən.d̪ə/,परनन्द,0
498033,32032,आमोघाचार्य,n,n-----m--a,,,,/ɑː.moː.gʰɑː.t͡ɕɑːɹ.jə/,आमोघाचार्य,0
498034,70166,नाथनारायण,n,n-----m--a,,,,/nɑːt̪.hə.nɑː.ɹɑː.jə.ɳə/,नात्ःअनारायण,0
498035,70738,राधाराज,n,n-----m--a,,,,/ɹɑːd̪.hɑː.ɹɑː.d͡ʑə/,राद्ःआराज,0
498036,71481,रुचिराज,n,n-----m--a,,,,/ɹu.t͡ɕi.ɹɑː.d͡ʑə/,रुचिराज,0
498037,86033,दुलारभट्टचार्य,n,n-----m--a,,,,/d̪u.lɑː.ˈɹəb.ˈhəʈ.ʈə.t͡ɕɑːɹ.jə/,दुलारब्ःअट्टचार्य,0
498038,106080,सिद्धनगार्जुन,n,n-----m--a,,,,/ˈsid̪.d̪hə.nə.gɑːɹ.d͡ʑu.nə/,सिद्द्ःअनगार्जुन,0
498039,108471,सुयज्न,n,n-----m--a,,,,/su.ˈjəd͡ʑ.nə/,सुयज्न,0
498040,126771,शेषशारगधर,n,n-----m--a,,,,/ɕeː.ʂə.ɕɑː.ɹə.ˈgəd̪.hə.ɹə/,शेषशारगद्ःअर,0
498041,,शालीहोत्रमुनी,n,n-----m--ī,,,,/ɕɑː.liː.hoːt̪.ɹə.mu.niː/,शालीःओत्रमुनी,0
498042,137228,मेघचन्द्रशीष्य,n,n-----m--a,,,,/meː.gʰə.t͡ɕən.d̪ɹə.ɕiːʂ.jə/,मेघचन्द्रशीष्य,0
498043,148762,बैजवापयन,n,n-----m--a,,,,/bɑːi.d͡ʑə.ʋɑː.pə.jə.nə/,बैजवापयन,0
498044,149718,ब्रह्मेश्विर,n,n-----m--a,,,,/bɹəhmeːɕʋiɹə/,ब्रःमेश्विर,0
498045,161897,चतुःशिख,n,n-----m--a,,,,/t͡ɕə.t̪u.ˈḥɕik.hə/,चतुḥशिक्ःअ,0
498046,,नभ्कानन,n,n-p---m--a,,,,/ˈnəbh.kɑː.nə.nə/,नब्ःकानन,0
498047,63359,इतिक,n,n-----m--a,,,,/.t̪i.kə/,इतिक,0
498048,,माडव्य,n,n-p---m--a,,,,/mɑː.ˈɖəʋ.jə/,माडव्य,0
498237,204733,रेतय्,v,v----a--n-,,,,/ɹeː.t̪əj/,रेतय्,0
498049,,दिप्ताक्ष,n,n-p---m--a,,,,/ˈd̪ip.t̪ɑːk.ʂə/,दिप्ताक्ष,0
498050,85011,दिर्घास्य,n,n-----m--a,,,,/ˈd̪iɹ.gʰɑːs.jə/,दिर्घास्य,0
498051,,दण्डकुल,n,n-p---m--a,,,,/ˈd̪əɳ.ɖə.ku.lə/,दण्डकुल,0
498052,,"बाल्हीक,",n,n-p---m--a,,,,"/bɑːl.hiː.kə,/","बाल्ःईक,",0
498053,6956,अतिभूर,n,n-----m--a,,,,/ə.ˈt̪ib.huː.ɹə/,अतिब्ःऊर,0
498054,50084,भिःखराज,n,n-----m--a,,,,/b.ˈhiḥk.hə.ɹɑː.d͡ʑə/,ब्ःइḥक्ःअराज,0
498055,50444,भुक,n,n-----m--a,,,,/b.hu.kə/,ब्ःउक,0
498056,59344,आरद्वन्त्,n,n-----m--c,,,,/ɑː.ˈɹəd̪.ʋənt̪/,आरद्वन्त्,0
498057,70187,नाथपाल,n,n-----m--a,,,,/nɑːt̪.hə.pɑː.lə/,नात्ःअपाल,0
498058,75079,वल्लाभेश्वर,n,n-----m--a,,,,/ʋəllɑːbheːɕʋəɹə/,वल्लाब्ःएश्वर,0
498059,101832,सौरङ्ग,n,n-----m--a,,,,/ˈsəौ.ɹəŋ.gə/,सौरङ्ग,0
498060,141399,वीरविईक्रम,n,n-----m--a,,,,/ʋiː.ɹə.ˈʋiiː.kɹə.mə/,वीरविईक्रम,0
498061,143941,पुरीमन्त्,n,n-----m--c,,,,/pu.ɹiː.mənt̪/,पुरीमन्त्,0
498062,147297,बहुलबहुलाश्व,n,n-----m--a,,,,/bəhuləbəhulɑːɕʋə/,बःउलबःउलाश्व,0
498063,2603,करीषिनी,n,n-----f--ī,,,,/kə.ɹiː.ʂi.niː/,करीषिनी,0
498064,33182,नागेन्द्री,n,n-----f--ī,,,,/nɑː.geːn.d̪ɹiː/,नागेन्द्री,0
498065,43003,ध्र्तवती,n,n-----f--ī,,,,/d̪hɹt̪ə.ʋə.t̪iː/,द्ःर्तवती,0
498066,59663,आर्यका,n,n-----f--ā,,,,/ɑː.ɹjə.kɑː/,आर्यका,0
498067,132985,मिचिला,n,n-----f--ā,,,,/mi.t͡ɕi.lɑː/,मिचिला,0
498068,140956,प्रभावी,n,n-----f--ī,,,,/p.ˈɹəb.hɑː.ʋiː/,प्रब्ःआवी,0
498069,141526,वीनाहा,n,n-----f--ā,,,,/ʋiː.nɑː.hɑː/,वीनाःआ,0
498070,143749,पुनःपुना,n,n-----f--ā,,,,/pu.ˈnəḥ.pu.nɑː/,पुनḥपुना,0
498071,2125,कमलयुध,n,n-----m--a,,,,/kə.mə.lə.ˈjud̪.hə/,कमलयुद्ःअ,0
498072,141531,वीर्यामित्र,n,n-----m--a,,,,/ʋiːɹ.jɑː.ˈmit̪.ɹə/,वीर्यामित्र,0
498073,28725,नीलवन्त्,n,n-----m--c,,,,/niː.lə.ʋənt̪/,नीलवन्त्,0
498074,41663,स्वेतोदर,n,n-----m--a,,,,/s.ʋeː.t̪oː.d̪ə.ɹə/,स्वेतोदर,0
498075,77904,महाहिमवन्त्,n,n-----m--c,,,,/mə.hɑː.hi.mə.ʋənt̪/,मःआःइमवन्त्,0
498076,106161,सिद्धेचल,n,n-----m--a,,,,/ˈsid̪.d̪heː.t͡ɕə.lə/,सिद्द्ःएचल,0
498077,106657,सुकङ्कवन्त्,n,n-----m--c,,,,/su.kəŋ.kə.ʋənt̪/,सुकङ्कवन्त्,0
498078,111566,सहस्रस्रुति,n,n-----m--i,,,,/sə.ˈhəs.ˈɹəs.ɹu.t̪i/,सःअस्रस्रुति,0
498079,116318,शक्तिमन्त्,n,n-----m--c,,,,/ˈɕək.t̪i.mənt̪/,शक्तिमन्त्,0
498080,134205,क्रौञ्चवन्त्,n,n-----m--c,,,,/k.ˈɹəौɲ.t͡ɕə.ʋənt̪/,क्रौञ्चवन्त्,0
498081,137766,मेघमल,n,n-----m--a,,,,/meː.gʰə.mə.lə/,मेघमल,0
498082,141994,वृषवन्त्,n,n-----m--c,,,,/ʋɹ̩.ʂə.ʋənt̪/,वृषवन्त्,0
498083,2946,कुवलयदित्य,n,n-----m--a,,,,/ku.ʋə.lə.jə.ˈd̪it̪.jə/,कुवलयदित्य,0
498084,5955,अग्रतिर्थ,n,n-----m--a,,,,/ə.gɹə.ˈt̪iɹt̪.hə/,अग्रतिर्त्ःअ,0
498085,74173,यशःपाल,n,n-----m--a,,,,/jə.ˈɕəḥ.pɑː.lə/,यशḥपाल,0
498086,82265,तिमिंगील,n,n-----m--a,,,,/t̪i.miŋ.giː.lə/,तिमिंगील,0
498087,100807,दण्डवीर्व,n,n-----m--a,,,,/ˈd̪əɳ.ɖə.ʋiːɹ.ʋə/,दण्डवीर्व,0
498088,124013,गुरुक्षोप,n,n-----m--a,,,,/gu.ˈɹuk.ʂoː.pə/,गुरुक्षोप,0
498089,134351,क्षत्रान्जस्,n,n-----m-sa,,,,/k.ˈʂət̪.ɹɑːn.d͡ʑəs/,क्षत्रान्जस्,0
498090,145428,पुष्टिमन्त्,n,n-----m--c,,,,/ˈpuʂ.ʈi.mənt̪/,पुष्टिमन्त्,0
498091,145616,पुर्णोत्सङ्ग,n,n-----m--a,,,,/ˈpuɹ.ɳoːt̪.səŋ.gə/,पुर्णोत्सङ्ग,0
498092,149872,पृथुमन्त्,n,n-----m--c,,,,/ˈpɹ̩t̪.hu.mənt̪/,पृत्ःउमन्त्,0
498093,16117,पयःसामन्,n,n-----n--n,,,,/pə.ˈjəḥ.sɑː.mən/,पयḥसामन्,0
498094,56946,उद्वन्शीयोत्तर,n,n-----n--a,,,,/d̪.ʋə.nɕiː.joːt̪.t̪ə.ɹə/,उद्वन्शीयोत्तर,0
498095,79812,रैवतिकत्य,n,n-----n--a,,,,/ɹɑːi.ʋə.t̪i.ˈkət̪.jə/,रैवतिकत्य,0
498096,91528,द्व्याक्षर,n,n-----n--a,,,,/d̪.ʋjɑːk.ʂə.ɹə/,द्व्याक्षर,0
498097,95303,ज्योतिःसामन्,n,n-----n--n,,,,/d͡ʑ.joː.ˈt̪iḥ.sɑː.mən/,ज्योतिḥसामन्,0
498098,100276,त्रैशङ्कवशोक,n,n-----n--a,,,,/t̪.ɹɑː.iɕəŋ.kə.ʋə.ɕoː.kə/,त्रैशङ्कवशोक,0
498099,119774,स्वःसामन्,n,n-----n--n,,,,/s.ˈʋəḥ.sɑː.mən/,स्वḥसामन्,0
498100,,श्येनबृहन्त्,n,n-----n--c,,,,/ɕjeːnəbɹ̩hənt̪/,श्येनबृःअन्त्,0
498101,150386,पौरुमी￟ह,n,n-----n--a,,,,/ˈpəौ.ɹu.miː￟.hə/,पौरुमी￟ःअ,0
498102,155468,प्रयस्वन्त्,n,n-----n--c,,,,/p.ɹə.ˈjəs.ʋənt̪/,प्रयस्वन्त्,0
498103,87714,जम्बिरनगर,n,n-----n--a,,,,/d͡ʑəm.bi.ɹə.nə.gə.ɹə/,जम्बिरनगर,0
498104,26887,मठोसिलोठिका,n,n-----f--ā,,,,/ˈməʈ.hoː.si.loːʈ.hi.kɑː/,मट्ःओसिलोट्ःइका,0
498105,44065,नभःसेना,n,n-----f--ā,,,,/ˈnəb.ˈhəḥ.seː.nɑː/,नब्ःअḥसेना,0
498106,85042,दुःशीला,n,n-----f--ā,,,,/d̪u.ḥɕiː.lɑː/,दुḥशीला,0
498107,87845,जयलक्ष्मि,n,n-----f--i,,,,/d͡ʑə.jə.ˈləkʂ.mi/,जयलक्ष्मि,0
498108,94377,पार्षिका,n,n-----f--ā,,,,/pɑːɹ.ʂi.kɑː/,पार्षिका,0
498109,103246,स्थूलबाहू,n,n-----f--ū,,,,/st̪.huː.lə.bɑː.huː/,स्त्ःऊलबाःऊ,0
498110,144922,पूनदेवी,n,n-----f--ī,,,,/puː.nə.d̪eː.ʋiː/,पूनदेवी,0
498111,145566,पूरा,n,n-----f--ā,,,,/puː.ɹɑː/,पूरा,0
498112,4896,कोटिलिङ्ग्ङ्गीश्वर,n,n-----n--a,,,,/koːʈiliŋgŋgiːɕʋəɹə/,कोटिलिङ्ग्ङ्गीश्वर,0
498113,13927,कामाकुय,n,n-----n--a,,,,/kɑː.mɑː.ku.jə/,कामाकुय,0
498114,27031,मणिस्वरतीर्थ,n,n-----n--a,,,,/mə.ˈɳis.ʋə.ɹə.t̪iːɹt̪.hə/,मणिस्वरतीर्त्ःअ,0
498115,42457,धातकिकितीर्थ,n,n-----n--a,,,,/d̪.hɑː.t̪ə.ki.ki.t̪iːɹt̪.hə/,द्ःआतकिकितीर्त्ःअ,0
498116,49780,भार्गलेस्वरतीर्थ,n,n-----n--a,,,,/b.hɑːɹ.gə.leːs.ʋə.ɹə.t̪iːɹt̪.hə/,ब्ःआर्गलेस्वरतीर्त्ःअ,0
498117,87364,जटासंकर,n,n-----n--a,,,,/d͡ʑə.ʈɑː.səŋ.kə.ɹə/,जटासंकर,0
498118,87742,जमदग्नितिर्थ,n,n-----n--a,,,,/d͡ʑə.mə.ˈd̪əg.ni.ˈt̪iɹt̪.hə/,जमदग्नितिर्त्ःअ,0
498119,111876,सागरेवरतीर्थ,n,n-----n--a,,,,/sɑː.gə.ɹeː.ʋə.ɹə.t̪iːɹt̪.hə/,सागरेवरतीर्त्ःअ,0
498120,24592,कुमुददि,n,n-----m--i,,,,/ku.mu.d̪ə.d̪i/,कुमुददि,0
498121,104217,ससिद्धाचार्य,n,n-----m--a,,,,/sə.ˈsid̪.d̪hɑː.t͡ɕɑːɹ.jə/,ससिद्द्ःआचार्य,0
498122,33801,नावप्रभ्रांशन,n,n-----n--a,,,,/nɑː.ˈʋəp.ˈɹəb.hɹɑː.̃ɕə.nə/,नावप्रब्ःरांशन,0
498123,70784,राम्रामस्या,n,n-----f--ā,,,,/ɹɑːm.ɹɑː.ˈməs.jɑː/,राम्रामस्या,0
498124,113673,सिंहोद्धोन्नता,n,n-----f--ā,,,,/ˈsĩ.hoːd̪.d̪hoːn.nə.t̪ɑː/,सिंःओद्द्ःओन्नता,0
498125,175209,कर्तरिदण्डक,n,n-----m--a,,,,/ˈkəɹ.t̪ə.ɹi.ˈd̪əɳ.ɖə.kə/,कर्तरिदण्डक,0
498126,175297,विष्कम्भोत्तर,n,n-----n--a,,,,/ˈʋiʂ.kəmb.hoːt̪.t̪ə.ɹə/,विष्कम्ब्ःओत्तर,0
498127,153742,बर्हिःषद्,n,n-----m--c,,,,/ˈbəɹ.ˈhiḥ.ʂəd̪/,बर्ःइḥषद्,0
498128,155333,प्राक्शृङ्गवन्त्,n,n-----m--c,,,,/p.ɹɑː.kɕɹ̩ŋ.gə.ʋənt̪/,प्राक्शृङ्गवन्त्,0
498129,60327,अश्वसङ्कु,n,n-----m--u,,,,/əɕ.ʋə.səŋ.ku/,अश्वसङ्कु,0
498130,94091,पारावताख,n,n-----m--a,,,,/pɑː.ɹɑː.ʋə.t̪ɑːk.hə/,पारावताक्ःअ,0
498131,33662,नारायणस्रीगर्भ,n,n-----m--a,,,,/nɑː.ɹɑː.jə.ˈɳəs.ɹiː.ˈgəɹb.hə/,नारायणस्रीगर्ब्ःअ,0
498132,72158,मेरुशिखरधरकुमारभुत,n,n-----m--a,,,,/meː.ɹu.ˈɕik.hə.ˈɹəd̪.hə.ɹə.ku.mɑː.ˈɹəb.hu.t̪ə/,मेरुशिक्ःअरद्ःअरकुमारब्ःउत,0
498133,143567,पुण्यश्र्ल्गर्भ,n,n-----m--a,,,,/puɳjəɕɹlgəɹbhə/,पुण्यश्र्ल्गर्ब्ःअ,0
498134,121450,विद्युत्कश,n,n-----m--a,,,,/ˈʋid̪.ˈjut̪.kə.ɕə/,विद्युत्कश,0
498135,161747,चक्रमौल,n,n-----m--a,,,,/ˈt͡ɕək.ɹə.ˈməौ.lə/,चक्रमौल,0
498136,120707,हथिनावग्राम,n,n-----m--a,,,,/ˈhət̪.hi.nɑː.ˈʋəg.ɹɑː.mə/,ःअत्ःइनावग्राम,0
498137,74709,वर्धमनेन्दु,n,n-----m--u,,,,/ˈʋəɹd̪.hə.mə.neːn.d̪u/,वर्द्ःअमनेन्दु,0
498138,84726,दीपिकाटिका,n,n-----f--ā,,,,/d̪iː.pi.kɑː.ʈi.kɑː/,दीपिकाटिका,0
498139,119082,व्याख्यानशालाख्यायिका,n,n-----f--ā,,,,/ʋ.jɑːk.hjɑː.nə.ɕɑː.lɑːk.hjɑː.ji.kɑː/,व्याक्ःयानशालाक्ःयायिका,0
498140,143354,पीयूक्षकणिका,n,n-----f--ā,,,,/piː.juːk.ʂə.kə.ɳi.kɑː/,पीयूक्षकणिका,0
498141,,दशदूती,n,n-p---f--ī,,,,/d̪ə.ɕə.d̪uː.t̪iː/,दशदूती,0
498142,,नैसर्गिकदोष,n,n-p---m--a,,,,/nɑːi.ˈsəɹ.gi.kə.d̪oː.ʂə/,नैसर्गिकदोष,0
498143,,शत्रुञ्जय,n,n-----m--a,,,,/ˈɕət̪.ɹuɲ.d͡ʑə.jə/,शत्रुञ्जय,0
498144,176038,मानापुरी,n,n-----f--ī,,,,/mɑː.nɑː.pu.ɹiː/,मानापुरी,0
498145,,प्रतिसारणा,n,n-----f--ā,,,,/p.ɹə.t̪i.sɑː.ɹə.ɳɑː/,प्रतिसारणा,0
498146,,सिद्धसारयन्त्र,n,n-----n--a,,,,/ˈsid̪.d̪hə.sɑː.ɹə.jən.t̪ɹə/,सिद्द्ःअसारयन्त्र,0
498147,,गर्भसारयन्त्र,n,n-----n--a,,,,/ˈgəɹb.hə.sɑː.ɹə.jən.t̪ɹə/,गर्ब्ःअसारयन्त्र,0
498148,,परमानन्दमूर्तियन्त्र,n,n-----n--a,,,,/pə.ɹə.mɑː.nən.d̪ə.muːɹ.t̪i.jən.t̪ɹə/,परमानन्दमूर्तियन्त्र,0
498149,176276,रञ्जकयन्त्र,n,n-----n--a,,,,/ɹəɲ.d͡ʑə.kə.jən.t̪ɹə/,रञ्जकयन्त्र,0
498150,,करुणाकरयन्त्र,n,n-----n--a,,,,/kə.ɹu.ɳɑː.kə.ɹə.jən.t̪ɹə/,करुणाकरयन्त्र,0
498151,176283,वारुणीयन्त्र,n,n-----n--a,,,,/ʋɑː.ɹu.ɳiː.jən.t̪ɹə/,वारुणीयन्त्र,0
498152,,वर्तुलखल्व,n,n-----m--a,,,,/ˈʋəɹ.t̪u.ˈlək.ˈhəl.ʋə/,वर्तुलक्ःअल्व,0
498153,,सोमानलयन्त्र,n,n-----n--a,,,,/soːmɑː.nə.lə.jən.t̪ɹə/,सोमानलयन्त्र,0
498154,,कार्तवीर्य अर्जुन,n,n-----m--a,,,,/kɑːɹ.t̪ə.ʋiːɹ.jə.ˈ əɹ.d͡ʑu.nə/,कार्तवीर्य अर्जुन,0
498155,,मञ्जूषमूषा,n,n-----f--ā,,,,/məɲ.d͡ʑuː.ʂə.muː.ʂɑː/,मञ्जूषमूषा,0
498156,,मुशलमूषा,n,n-----f--ā,,,,/mu.ɕə.lə.muː.ʂɑː/,मुशलमूषा,0
498157,,तिर्यक्प्रधमकोष्ठी,n,n-----f--ī,,,,/ˈt̪iɹ.ˈjək.ˈpɹəd̪.hə.mə.koːʂʈ.hiː/,तिर्यक्प्रद्ःअमकोष्ट्ःई,0
498158,,ब्रह्मवैवर्तपुराण,n,n-----n--a,,,,/b.ˈɹəh.mə.ʋɑːi.ˈʋəɹ.t̪ə.pu.ɹɑː.ɳə/,ब्रःमवैवर्तपुराण,0
498159,,स्वर्णकृष्टी,n,n-----f--ī,,,,/s.ˈʋəɹ.ɳə.ˈkɹ̩ʂ.ʈiː/,स्वर्णकृष्टी,0
498160,176695,स्वर्णरक्ती,n,n-----f--ī,,,,/s.ˈʋəɹ.ɳə.ˈɹək.t̪iː/,स्वर्णरक्ती,0
498161,,ताररक्ती,n,n-----f--ī,,,,/t̪ɑː.ɹə.ˈɹək.t̪iː/,ताररक्ती,0
498162,,समुखजारणा,n,n-----f--ā,,,,/sə.ˈmuk.hə.d͡ʑɑː.ɹə.ɳɑː/,समुक्ःअजारणा,0
498163,198573,समुखरस,n,n-----m--a,,,,/sə.ˈmuk.hə.ɹə.sə/,समुक्ःअरस,0
498164,,मिया,n,n-----f--ā,,,,/mi.jɑː/,मिया,0
498165,,सकटु,a,ap----a--u,,,,/sə.kə.ʈu/,सकटु,0
498166,199346,त्वग्दग्ध,n,n-----n--a,,,,/t̪.ˈʋəg.ˈd̪əg.d̪hə/,त्वग्दग्द्ःअ,0
498167,,निरुद्धालेपन,n,n-----n--a,,,,/ni.ˈɹud̪.d̪hɑː.leː.pə.nə/,निरुद्द्ःआलेपन,0
498168,,अपस्मृ,v,v----d--1-,,,,/ə.ˈpəs.mɹ̩/,अपस्मृ,0
498169,,अर्कादि,n,n-----m--i,,,,/əɹ.kɑː.d̪i/,अर्कादि,0
498170,,अन्तर्विद्रधि,n,n-----m--i,,,,/ən.ˈt̪əɹ.ˈʋid̪.ˈɹəd̪.hi/,अन्तर्विद्रद्ःइ,0
498171,,चिकित्सितस्थान,n,n-----n--a,,,,/t͡ɕi.ˈkit̪.si.ˈt̪əst̪.hɑː.nə/,चिकित्सितस्त्ःआन,0
498172,,अच्छसुरा,n,n-----f--ā,,,,/ət͡ɕ.t͡ɕʰə.su.ɹɑː/,अच्छसुरा,0
498173,,भूवेश्मन्,n,n-----n--n,,,,/bhuːʋeːɕmən/,ब्ःऊवेश्मन्,0
498174,202057,अनुवासय्,v,v----d--n- v----a--n-,,,,/ə.nu.ʋɑː.səj/,अनुवासय्,0
498175,,पुरीषधरा,n,n-----f--ā,,,,/pu.ɹiː.ˈʂəd̪.hə.ɹɑː/,पुरीषद्ःअरा,0
498176,,उदकप्रमेह,n,n-----m--a,,,,/.d̪ə.ˈkəp.ɹə.meː.hə/,उदकप्रमेःअ,0
498177,,लवणप्रमेह,n,n-----m--a,,,,/lə.ʋə.ˈɳəp.ɹə.meː.hə/,लवणप्रमेःअ,0
498178,,पिष्टप्रमेह,n,n-----m--a,,,,/ˈpiʂ.ˈʈəp.ɹə.meː.hə/,पिष्टप्रमेःअ,0
498179,,फेनप्रमेह,n,n-----m--a,,,,/p.heː.ˈnəp.ɹə.meː.hə/,प्ःएनप्रमेःअ,0
498180,,शुक्रप्रमेह,n,n-----m--a,,,,/ˈɕuk.ˈɹəp.ɹə.meː.hə/,शुक्रप्रमेःअ,0
498181,,शोणितमेह,n,n-----m--a,,,,/ɕoː.ɳi.t̪ə.meː.hə/,शोणितमेःअ,0
498182,,सर्पिःप्रमेह,n,n-----m--a,,,,/ˈsəɹ.ˈpiḥ.pɹə.meː.hə/,सर्पिḥप्रमेःअ,0
498183,,कुटीस्वेद,n,n-----m--a,,,,/ku.ʈiːs.ʋeː.d̪ə/,कुटीस्वेद,0
498184,,साल्वण,n,n-----n--a,,,,/sɑːl.ʋə.ɳə/,साल्वण,0
498185,,नीलघृत,n,n-----n--a,,,,/niː.lə.gʰɹ̩.t̪ə/,नीलघृत,0
498186,,लाक्षादि,n,n-----m--i,,,,/lɑːk.ʂɑː.d̪i/,लाक्षादि,0
498187,,बिसपक्ष्मन्,n,n-----n--n,,,,/bi.sə.ˈpəkʂ.mən/,बिसपक्ष्मन्,0
498188,,उत्तरस्थान,n,n-----n--a,,,,/t̪.t̪ə.ˈɹəst̪.hɑː.nə/,उत्तरस्त्ःआन,0
498189,,निम्बादि,n,n-----m--i,,,,/nim.bɑː.d̪i/,निम्बादि,0
498190,,वरदमुद्रा,n,n-----f--ā,,,,/ʋə.ɹə.d̪ə.ˈmud̪.ɹɑː/,वरदमुद्रा,0
498191,,अभयमुद्रा,n,n-----f--ā,,,,/əb.hə.jə.ˈmud̪.ɹɑː/,अब्ःअयमुद्रा,0
498192,,निर्वाणदीक्षा,n,n-----f--ā,,,,/ˈniɹ.ʋɑː.ɳə.d̪iːk.ʂɑː/,निर्वाणदीक्षा,0
498193,,वनस्पतिवर्ग,n,n-----m--a,,,,/ʋə.ˈnəs.pə.t̪i.ˈʋəɹ.gə/,वनस्पतिवर्ग,0
498194,,अष्टाङ्गहृदयसंहिता,n,n-----f--ā,,,,/əʂ.ʈɑːŋ.gə.hɹ̩.d̪ə.jə.ˈsə̃.hi.t̪ɑː/,अष्टाङ्गःऋदयसंःइता,0
498195,,अमरकोश,n,n-----m--a,,,,/ə.mə.ɹə.koː.ɕə/,अमरकोश,0
498196,208655,राक्षसयन्त्र,n,n-----n--a,,,,/ɹɑːk.ʂə.sə.jən.t̪ɹə/,राक्षसयन्त्र,0
498197,,जयावटी,n,n-----f--ī,,,,/d͡ʑə.jɑː.ʋə.ʈiː/,जयावटी,0
498198,172160,कुपीपाषाण,n,n-----m--a,,,,/ku.piː.pɑː.ʂɑː.ɳə/,कुपीपाषाण,0
498199,174236,ढालय्,v,v----d--n-,,,,/ɖ.hɑː.ləj/,ड्ःआलय्,0
498200,,स्नेहवर्ग,n,n-----m--a,,,,/s.neː.hə.ˈʋəɹ.gə/,स्नेःअवर्ग,0
498201,,रसाभ्र,n,n-----n--a,,,,/ɹə.sɑːb.hɹə/,रसाब्ःर,0
498202,176244,क्षेत्रदोष,n,n-----m--a,,,,/k.ʂeːt̪.ɹə.d̪oː.ʂə/,क्षेत्रदोष,0
498203,,चन्द्रतोय,n,n-----n--a,,,,/t͡ɕən.d̪ɹə.t̪oː.jə/,चन्द्रतोय,0
498204,157959,मन्त्रय्,v,v----d--n-,,,,/mən.t̪ɹəj/,मन्त्रय्,0
498205,157243,अन्धय्,v,v----a--n-,,,,/ənd̪həj/,अन्द्ःअय्,0
498206,,अवलोकवेध,n,n-----m--a,,,,/ə.ʋə.loː.kə.ʋeːd̪.hə/,अवलोकवेद्ःअ,0
498207,,शाठी,n,n-----f--ī,,,,/ɕɑːʈ.hiː/,शाट्ःई,0
498208,,स्थलकच्छपयन्त्र,n,n-----n--a,,,,/st̪.hə.lə.ˈkət͡ɕ.t͡ɕʰə.pə.jən.t̪ɹə/,स्त्ःअलकच्छपयन्त्र,0
498209,,जलकच्छपयन्त्र,n,n-----n--a,,,,/d͡ʑə.lə.ˈkət͡ɕ.t͡ɕʰə.pə.jən.t̪ɹə/,जलकच्छपयन्त्र,0
498210,,मृदूकरण,a,ap----a--a,,,,/mɹ̩.d̪uː.kə.ɹə.ɳə/,मृदूकरण,0
498211,,चक्रिकाबद्धरस,n,n-----m--a,,,,/ˈt͡ɕək.ɹi.kɑː.ˈbəd̪.d̪hə.ɹə.sə/,चक्रिकाबद्द्ःअरस,0
498212,,गन्धपिष्टी,n,n-----f--ī,,,,/gənd̪.hə.ˈpiʂ.ʈiː/,गन्द्ःअपिष्टी,0
498213,,रक्ती,n,n-----f--ī,,,,/ˈɹək.t̪iː/,रक्ती,0
498214,,नेपालताम्र,n,n-----n--a,,,,/neː.pɑː.lə.t̪ɑːm.ɹə/,नेपालताम्र,0
498215,176253,द्वंद्वय्,v,v----d--n-,,,,/d̪.ʋənd̪.ʋəj/,द्वंद्वय्,0
498216,,मुखकरण,n,n-----m--a,,,,/ˈmuk.hə.kə.ɹə.ɳə/,मुक्ःअकरण,0
498217,,चरकसंहिता,n,n-----f--ā,,,,/t͡ɕə.ɹə.kə.ˈsə̃.hi.t̪ɑː/,चरकसंःइता,0
498218,,रसायनखण्ड,n,n-----m--a,,,,/ɹə.sɑː.jə.ˈnək.ˈhəɳ.ɖə/,रसायनक्ःअण्ड,0
498219,,रसेन्द्रखण्ड,n,n-----m--a,,,,/ɹə.seːn.ˈd̪ɹək.ˈhəɳ.ɖə/,रसेन्द्रक्ःअण्ड,0
498220,,पक्षछिन्न,a,ap----a--a,,,,/ˈpək.ʂə.t͡ɕʰin.nə/,पक्षछिन्न,0
498221,,नियामय्,v,v----a--0-,,,,/ni.jɑː.məj/,नियामय्,0
498222,,नवधातु,n,n-----m--u,,,,/nə.ˈʋəd̪.hɑː.t̪u/,नवद्ःआतु,0
498223,,कोकिलमूषा,n,n-----f--ā,,,,/koː.ki.lə.muː.ʂɑː/,कोकिलमूषा,0
498224,,बालिकामेह,n,n-----m--a,,,,/bɑː.li.kɑː.meː.hə/,बालिकामेःअ,0
498225,207755,वालुकाकासीस,n,n-----n--a,,,,/ʋɑː.lu.kɑː.kɑː.siː.sə/,वालुकाकासीस,0
498226,,उदरशृङ्ग,n,n-----n--a,,,,/.d̪ə.ɹə.ɕɹ̩ŋ.gə/,उदरशृङ्ग,0
498227,,गोलकमुख,n,n-----n--a,,,,/goː.lə.kə.ˈmuk.hə/,गोलकमुक्ःअ,0
498228,,भूनागसत्त्व,n,n-----n--a,,,,/b.huː.nɑː.gə.ˈsət̪.t̪ʋə/,ब्ःऊनागसत्त्व,0
498229,,कीटमारिणी,n,n-----f--ī,,,,/kiː.ʈə.mɑː.ɹi.ɳiː/,कीटमारिणी,0
498230,,पिष्टिकाबन्ध,n,n-----n--a,,,,/ˈpiʂ.ʈi.kɑː.bənd̪.hə/,पिष्टिकाबन्द्ःअ,0
498231,,हठबन्धन,n,n-----n--a,,,,/ˈhəʈ.hə.bənd̪.hə.nə/,ःअट्ःअबन्द्ःअन,0
498232,,कुमारबन्ध,n,n-----n--a,,,,/ku.mɑː.ɹə.bənd̪.hə/,कुमारबन्द्ःअ,0
498233,,बालबन्ध,n,n-----n--a,,,,/bɑː.lə.bənd̪.hə/,बालबन्द्ःअ,0
498234,,तरुणबन्ध,n,n-----n--a,,,,/t̪ə.ɹu.ɳə.bənd̪.hə/,तरुणबन्द्ःअ,0
498235,,वृद्धबन्ध,n,n-----n--a,,,,/ˈʋɹ̩d̪.d̪hə.bənd̪.hə/,वृद्द्ःअबन्द्ःअ,0
498236,,अतिवृद्धबन्ध,n,n-----n--a,,,,/ə.t̪i.ˈʋɹ̩d̪.d̪hə.bənd̪.hə/,अतिवृद्द्ःअबन्द्ःअ,0
498238,,पतङ्गिन्,n,n-----m--n,,,,/pə.t̪əŋ.gin/,पतङ्गिन्,0
498239,,रसपोट्टली,n,n-----f--ī,,,,/ɹə.sə.poːʈ.ʈə.liː/,रसपोट्टली,0
498240,,मिश्रलोह,n,n-----m--a,,,,/miɕɹəloːhə/,मिश्रलोःअ,0
498241,,कर्पूरशिलाजतु,n,n-----n--u,,,,/ˈkəɹ.puː.ɹə.ɕi.lɑː.d͡ʑə.t̪u/,कर्पूरशिलाजतु,0
498242,,गुह्ययन्त्र,n,n-----n--a,,,,/ˈguh.jə.jən.t̪ɹə/,गुःययन्त्र,0
498243,,कण्टुकयन्त्र,n,n-----n--a,,,,/ˈkəɳ.ʈu.kə.jən.t̪ɹə/,कण्टुकयन्त्र,0
498244,,शृङ्गवेरादि,n,n-----m--i,,,,/ɕɹ̩ŋ.gə.ʋeː.ɹɑː.d̪i/,शृङ्गवेरादि,0
498245,,धन्वन्तरिभाग,n,n-----m--a,,,,/d̪.hən.ʋən.t̪ə.ˈɹib.hɑː.gə/,द्ःअन्वन्तरिब्ःआग,0
498246,,तेजःपुञ्ज,n,n-----m--a,,,,/t̪eː.ˈd͡ʑəḥ.puɲ.d͡ʑə/,तेजḥपुञ्ज,0
498247,,द्रावकवर्ग,n,n-----m--a,,,,/d̪.ɹɑː.ʋə.kə.ˈʋəɹ.gə/,द्रावकवर्ग,0
498248,,गयतीर्थ,n,n------n--a,,,,/gə.jə.t̪iːɹt̪.hə/,गयतीर्त्ःअ,0
498249,,हह,n,n-----m--a,,,,/hə.hə/,ःअःअ,0
498250,,प्रतिष्कश्,n,n-----m--c,,,,/p.ɹə.ˈt̪iʂ.kəɕ/,प्रतिष्कश्,0
498251,,ईय,n,n-----m--a,,,,/iːjə/,ईय,0
498252,,ईन,n,n-----m--a,,,,/iːnə/,ईन,0
498253,159693,असूय्,v,v----d--n-,,,,/ə.suːj/,असूय्,0
498254,,ज्वरय्,v,v----a--0-,,,,/d͡ʑ.ʋə.ɹəj/,ज्वरय्,0
498255,,क्राथय्,v,v----a--0-,,,,/k.ɹɑːt̪.həj/,क्रात्ःअय्,0
498256,219366,ऊनय्,v,v----a--n-,,,,/uːnəj/,ऊनय्,0
498257,,क्नोपय्-,v,v----a--0-,,,,/k.noː.pəj-/,क्नोपय्-,0
498258,,सर्वधुर,n,n-----m--a,,,,/ˈsəɹ.ˈʋəd̪.hu.ɹə/,सर्वद्ःउर,0
498259,214497,सवेशस,a,ap----a--a,,,,/sə.ʋeː.ɕə.sə/,सवेशस,0
498260,,तैत्तिलकद्रू,n,n-----f--ū,,,,/t̪ɑːit̪.t̪i.lə.ˈkəd̪.ɹuː/,तैत्तिलकद्रू,0
498261,,छात्रिन्,a,ap----a--n,,,,/t͡ɕʰɑːt̪.ɹin/,छात्रिन्,0
498262,,स्फिग,n,n-----m--a,,,,/sp.hi.gə/,स्प्ःइग,0
498263,,पितरामातरा,n,n-----f--ā,,,,/pi.t̪ə.ɹɑː.mɑː.t̪ə.ɹɑː/,पितरामातरा,0
498264,,स्नात्वी,n,n-----n---,,,,/s.nɑːt̪.ʋiː/,स्नात्वी,0
498265,,मस्ज्,v,v----a--6-,,,,/məsd͡ʑ/,मस्ज्,0
498266,,दित्यवाह्,n,n-----m--c,,,,/ˈd̪it̪.jə.ʋɑːh/,दित्यवाः,0
498267,,वलज,n,n-----m--a,,,,/ʋə.lə.d͡ʑə/,वलज,0
498269,216587,वृषण्य्,v,v----a--n-,,,,/ʋɹ̩.ʂəɳj/,वृषण्य्,0
498270,216588,रिषण्य्,v,v----a--n-,,,,/ɹi.ʂəɳj/,रिषण्य्,0
498271,,प्रतिषीव्य,a,ap----a--a,,ap----f--ā=>ā,,/p.ɹə.t̪i.ʂiːʋ.jə/,प्रतिषीव्य,0
498272,,पुरगा,n,n-----f--ā,,,,/pu.ɹə.gɑː/,पुरगा,0
498273,,श्वेतवर्ष,n,n-----m--a,,,,/ɕʋeːt̪əʋəɹʂə/,श्वेतवर्ष,0
498274,,नीलवर्ष,n,n-----m--a,,,,/niː.lə.ˈʋəɹ.ʂə/,नीलवर्ष,0
498275,220949,अभ्रिया,n,n-----f--ā,,,,/əbhɹi.jɑː/,अब्ःरिया,0
498276,220950,नक्षत्रिया,n,n-----f--ā,,,,/ˈnək.ˈʂət̪.ɹi.jɑː/,नक्षत्रिया,0
498277,220984,चेतन्ती,n,n-----f--ī,,,,/t͡ɕeː.t̪ən.t̪iː/,चेतन्ती,0
498278,220985,अश्मला,n,n-----f--ā,,,,/əɕ.mə.lɑː/,अश्मला,0
498279,220986,पला,n,n-----f--ā,,,,/pə.lɑː/,पला,0
498280,220989,सुष्टा,n,n-----f--ā,,,,/ˈsuʂ.ʈɑː/,सुष्टा,0
498281,221128,कण्वा,n,n-----f--ā,,,,/ˈkəɳ.ʋɑː/,कण्वा,0
498282,221185,विदुत्सुर,n,n-----m--a,,,,/ʋi.ˈd̪ut̪.su.ɹə/,विदुत्सुर,0
498283,,अणिमाण्डव्य,n,n-----m--a,,,,/ə.ɳi.mɑːɳ.ˈɖəʋ.jə/,अणिमाण्डव्य,0
498284,160211,उद्गा,v,v----a--3-,,,,/d̪.gɑː/,उद्-गा,0
498285,,प्रातःसवन,n,n-----n--a,,,,/p.ɹɑː.ˈt̪əḥ.sə.ʋə.nə/,प्रातḥसवन,0
498286,,सन्धिस्तोत्र,n,n-----n--a,,,,/sənd̪.ˈhis.t̪oːt̪.ɹə/,सन्द्ःइस्तोत्र,0
498287,,अकर्मन्,n,n-----n--n,,,,,अ-कर्मन्,0
498288,,अकर्मन्,n,n-----n--n,,,,,अ-कर्मन्,0
498290,,अकुल,n,n-----n--a,,,,/ə.ku.lə/,अ-कुल,0
498291,104444,सर्व,a,ap----a--a,,,,/ˈsəɹ.ʋə/,स॔र्व,0
498292,,हन्,n,n-----m--n,,,,/ɦən/,हन्,0
